coordinate	binary_sha256	source_sha256	source_url
io.dropwizard:dropwizard-core:5.0.2	6f8c4d115b0b9267599873873c31dceb6cf1741ccdcf15044d29d47ab71e60ba	8e0300e344bbaa4a168e6bbf9930fef90551a3dba232b5f0e94dd82726f30e1b	https://repo.maven.apache.org/maven2/io/dropwizard/dropwizard-core/5.0.2/dropwizard-core-5.0.2-sources.jar
io.dropwizard:dropwizard-util:5.0.2	e990ce3954978143aad6a64e8c4e3ebe5c89aa75001a94eb4a82f7d9aa8b5b9b	afc9950697a1164c433a6aaafde4862653531881d32045bc6b7e7218048fda05	https://repo.maven.apache.org/maven2/io/dropwizard/dropwizard-util/5.0.2/dropwizard-util-5.0.2-sources.jar
io.dropwizard:dropwizard-jackson:5.0.2	76456ca16cb44582b862a75cc5755d0f613dea6ec04a2e816724f1e95cb505b7	5dd5e6639d5ba10bb1ad906778921e294bf82d010766708b29aa9f5af6e20700	https://repo.maven.apache.org/maven2/io/dropwizard/dropwizard-jackson/5.0.2/dropwizard-jackson-5.0.2-sources.jar
com.google.guava:guava:33.6.0-jre	dc573e1fca4fd5454f4a5fd3d7da2df03002876a4175bafc14a95980dd7713b3	eff31867dd63a92d63ca856127a424a6836418d8bfa044162cac20430abd3500	https://repo.maven.apache.org/maven2/com/google/guava/guava/33.6.0-jre/guava-33.6.0-jre-sources.jar
com.google.guava:failureaccess:1.0.3	cbfc3906b19b8f55dd7cfd6dfe0aa4532e834250d7f080bd8d211a3e246b59cb	6fef4dfd2eb9f961655f2a3c4ea87c023618d9fcbfb6b104c17862e5afe66b97	https://repo.maven.apache.org/maven2/com/google/guava/failureaccess/1.0.3/failureaccess-1.0.3-sources.jar
com.google.guava:listenablefuture:9999.0-empty-to-avoid-conflict-with-guava	b372a037d4230aa57fbeffdef30fd6123f9c0c2db85d0aced00c91b974f33f99	not-applicable	not-applicable-empty-placeholder
com.fasterxml.jackson.core:jackson-core:2.21.4	4b40a06396f239f8de2da57419adde6e94e5edc18a2171d471ea05eeed4e5c2d	90ccada55626ce4f00a81bde235af0a942ec2bc4c701fcc86a93af1be9b3e08d	https://repo.maven.apache.org/maven2/com/fasterxml/jackson/core/jackson-core/2.21.4/jackson-core-2.21.4-sources.jar
com.fasterxml.jackson.datatype:jackson-datatype-guava:2.21.4	6fa3c09d6a89869a56ba042de642cae629ee6f39b8694d1d16776ae5b36f6323	97d8371d60b6c6fef3c5aed1aeb0b6323fda5036e0e0b13fd9b5ae31d84c9f9e	https://repo.maven.apache.org/maven2/com/fasterxml/jackson/datatype/jackson-datatype-guava/2.21.4/jackson-datatype-guava-2.21.4-sources.jar
com.fasterxml.jackson.datatype:jackson-datatype-jsr310:2.21.4	d1ac4b98b70304e56448423589fde5e775b100889643ad1ead62cc7811633684	884a8812af289bb56f38f09a4b3b7b73b4a16dbc184ae735fbe6c4aa1089161f	https://repo.maven.apache.org/maven2/com/fasterxml/jackson/datatype/jackson-datatype-jsr310/2.21.4/jackson-datatype-jsr310-2.21.4-sources.jar
com.fasterxml.jackson.datatype:jackson-datatype-jdk8:2.21.4	2dde4a8f1aad3306c040f56ff40da81c6d58dcef3434c00849c9bce09f56a074	9bf668a180d7b749e3d6f8b03357c390b116716f7051e26a986a08d8ee526b15	https://repo.maven.apache.org/maven2/com/fasterxml/jackson/datatype/jackson-datatype-jdk8/2.21.4/jackson-datatype-jdk8-2.21.4-sources.jar
com.fasterxml.jackson.module:jackson-module-parameter-names:2.21.4	9510f91a4be2c700753ad244596b67424cb32c23659db1dc534219226e5df3a3	e4dd3ca21b04c3e7abe0732a1ed159703a404f1308a65f9ba8fe3b9394857d34	https://repo.maven.apache.org/maven2/com/fasterxml/jackson/module/jackson-module-parameter-names/2.21.4/jackson-module-parameter-names-2.21.4-sources.jar
com.fasterxml.jackson.module:jackson-module-blackbird:2.21.4	1d8f67a6e610c349c84cb9b468334164e2b23c86e4be26f903ab8bb1d2067794	73eea5f196d772f1f79d2dcca977dec62ebcc3281d26affc171e0242ca753f9f	https://repo.maven.apache.org/maven2/com/fasterxml/jackson/module/jackson-module-blackbird/2.21.4/jackson-module-blackbird-2.21.4-sources.jar
io.dropwizard:dropwizard-validation:5.0.2	b107289ac636369d168491a7d1c83382e622090299620d890f4152ce1739d837	3c0a33c7ad5cab813332cb314b93c7158076703b7906615d04708ed6541d91be	https://repo.maven.apache.org/maven2/io/dropwizard/dropwizard-validation/5.0.2/dropwizard-validation-5.0.2-sources.jar
com.fasterxml:classmate:1.7.3	75fbda45456f123fb6e2028a6189442d8d0730b357adce4c0a6d7e789f70669b	b0690a771dc54865c3d0ad9ab6abb319633b6b88849900a28f719e792c15fc68	https://repo.maven.apache.org/maven2/com/fasterxml/classmate/1.7.3/classmate-1.7.3-sources.jar
org.hibernate.validator:hibernate-validator:8.0.3.Final	2ad24670fd08e21d3f43d3105d5326bd5ef6b01e819c5cd103823866b954517e	5505b435dfc8887ebe2d272831bd77a7e984061e477182932fef897cdc3e197d	https://repo.maven.apache.org/maven2/org/hibernate/validator/hibernate-validator/8.0.3.Final/hibernate-validator-8.0.3.Final-sources.jar
org.glassfish.expressly:expressly:5.0.0	b0c872737bb8381921b304d0952854666d1ba320b9b3c5bf4d70a09a86b61524	e397a1eccbececf65f560f7bd0b64bdfc80be78e199034f680140e5e19ad4817	https://repo.maven.apache.org/maven2/org/glassfish/expressly/expressly/5.0.0/expressly-5.0.0-sources.jar
io.dropwizard:dropwizard-configuration:5.0.2	103c519b2430d52eb0eb07609b4309d1f6f259ebd54e7d125e78ad9bd7dd5941	6aadd988e649009079cd1e214917066bcc88cdcbfb37ccdf759ca59caddd005d	https://repo.maven.apache.org/maven2/io/dropwizard/dropwizard-configuration/5.0.2/dropwizard-configuration-5.0.2-sources.jar
com.fasterxml.jackson.dataformat:jackson-dataformat-yaml:2.21.4	055eb4c008ab12f0cb63e93a6454463d032fde0fca85943d69f8dc7469489e4b	164cef68956eb2797e421dd6cf74bfd648581965a8df2389c260bb363d1f3baa	https://repo.maven.apache.org/maven2/com/fasterxml/jackson/dataformat/jackson-dataformat-yaml/2.21.4/jackson-dataformat-yaml-2.21.4-sources.jar
org.yaml:snakeyaml:2.5	e6682acf1ace77508ef13649cbf4f8d09d2cf5457bdb61d25ffb6ac0233d78dd	7a7d307ca9fe1663219a60045a8e5a113a69331566f9ebbe1d3b12c6781909ac	https://repo.maven.apache.org/maven2/org/yaml/snakeyaml/2.5/snakeyaml-2.5-sources.jar
org.apache.commons:commons-text:1.15.0	58d2da30f058512a1e7f914e39241deca4dff5c27a085b4ed2faa9e7208067f6	6fa2f1db12dc4147094be928a5b54d567cea287df54e4c76b7dfb6096c05439d	https://repo.maven.apache.org/maven2/org/apache/commons/commons-text/1.15.0/commons-text-1.15.0-sources.jar
org.apache.commons:commons-lang3:3.20.0	69e5c9fa35da7a51a5fd2099dfe56a2d8d32cf233e2f6d770e796146440263f4	eec245e820ec2800a1780cf756aefb427c1c6170e06902e67ac15b6910ce6335	https://repo.maven.apache.org/maven2/org/apache/commons/commons-lang3/3.20.0/commons-lang3-3.20.0-sources.jar
io.dropwizard:dropwizard-logging:5.0.2	11b7cdd2a9501832c1b2e608430371eb4f940667ddb40a703f93d000dd537e6f	360a157aac5c03da157b7ba6accd2e18a6b7cb96bcbdc6610f93e026f4fb3ac6	https://repo.maven.apache.org/maven2/io/dropwizard/dropwizard-logging/5.0.2/dropwizard-logging-5.0.2-sources.jar
io.dropwizard.metrics:metrics-logback:4.2.39	5ee1e1ddb3ad4594c220e057b133afd5cf7f1d5eca5872c191ebfdb2aa6eb7c9	e7dda0337f377d1a1829ba9eaf9ed033c0e13ea7d916aa109fc63c8878594c7b	https://repo.maven.apache.org/maven2/io/dropwizard/metrics/metrics-logback/4.2.39/metrics-logback-4.2.39-sources.jar
org.slf4j:jul-to-slf4j:2.0.18	cbb7d1aaaa9e871eb1a06594abd911bf97027152976edf1edc315be75239204e	b6dd2138f3e83d876bf07206d09f2b48ca655bc36a8e80b0c2a32ad19ab8f1d5	https://repo.maven.apache.org/maven2/org/slf4j/jul-to-slf4j/2.0.18/jul-to-slf4j-2.0.18-sources.jar
ch.qos.logback:logback-core:1.5.33	48b106f3abf3498eff7e59406a15226f351cf9c625017652e63c346a07011d81	590f300c23c950844e93932f1fdf2b986d1c581d02ee59a3e1e7442965b55301	https://repo.maven.apache.org/maven2/ch/qos/logback/logback-core/1.5.33/logback-core-1.5.33-sources.jar
com.google.errorprone:error_prone_annotations:2.42.0	f282a6488838986b8033bd51888928cff6a59c1050426476553ed2622b89e510	031b8e855071e2272ea4aaa84389da95d6e1658a2fff174fa472a50263273fb4	https://repo.maven.apache.org/maven2/com/google/errorprone/error_prone_annotations/2.42.0/error_prone_annotations-2.42.0-sources.jar
io.dropwizard.logback:logback-throttling-appender:1.5.3	a4bdd02407a517bdc596484a8a7a49ff0f7d3dc64353bced16287664a56326cc	15219cc77a67eb5ec87d972f35f5f6db99e42a9d064a92417f578e82c461cbf5	https://repo.maven.apache.org/maven2/io/dropwizard/logback/logback-throttling-appender/1.5.3/logback-throttling-appender-1.5.3-sources.jar
org.slf4j:log4j-over-slf4j:2.0.18	d030643b4b3371ac79ce9a5bf2e4f82b65ee5621e2c0c6bbfb254d74c9a90df6	e19e4db770231fdfc4d65e864d92002af72aec86967155f3d01aec6b38bdd557	https://repo.maven.apache.org/maven2/org/slf4j/log4j-over-slf4j/2.0.18/log4j-over-slf4j-2.0.18-sources.jar
org.slf4j:jcl-over-slf4j:2.0.18	ec5c36d57d2dbe100f84878f944575cb7871da32c7a115b8d7e0721277045d67	d0a96716020e44f95f1d94c4d2deeda009056847a125453010d4258db6b53776	https://repo.maven.apache.org/maven2/org/slf4j/jcl-over-slf4j/2.0.18/jcl-over-slf4j-2.0.18-sources.jar
io.dropwizard:dropwizard-metrics:5.0.2	2fa891abaa7d46f2d1875fbf4705502281c3d1f38bb28703a288fdb58d8bd8f6	bd3e192a4825cb65f6f4f129dab24b543cbaf983c243b5650c93a4d6bc76f37a	https://repo.maven.apache.org/maven2/io/dropwizard/dropwizard-metrics/5.0.2/dropwizard-metrics-5.0.2-sources.jar
io.dropwizard:dropwizard-jersey:5.0.2	bbd884d3be157c00933f88e013f46eed784e136d4253feaca3c83019aa12074b	a19c99053a05a9c79e59630ef41b8e0eb1ff37ef466b24ea9ad36052be1297ab	https://repo.maven.apache.org/maven2/io/dropwizard/dropwizard-jersey/5.0.2/dropwizard-jersey-5.0.2-sources.jar
org.glassfish.jersey.ext:jersey-metainf-services:3.1.11	b16bbfd0f8fb0df5116da263f418f9ee70074b3e9626c56e95051c9a0bf51b41	5bd460be5a6866d71a7adf834da2660e19edd2ac46e7134ce90e1ea60d0d214f	https://repo.maven.apache.org/maven2/org/glassfish/jersey/ext/jersey-metainf-services/3.1.11/jersey-metainf-services-3.1.11-sources.jar
org.glassfish.jersey.inject:jersey-hk2:3.1.11	faeee985d70b8223a9eb22baabf579d9f860141716efcaf74b0a252a63959fc3	47862bb6cd64a5d74a7f06dacebfec9b3a6feecf67579418595da12ca05c288c	https://repo.maven.apache.org/maven2/org/glassfish/jersey/inject/jersey-hk2/3.1.11/jersey-hk2-3.1.11-sources.jar
org.glassfish.hk2:hk2-locator:3.0.6	e2664d21b017c3aa1518b913264602bea604edc54d356103c10afba99abd04fc	6cdbf7b7ed860879fd220aad17a5e4d067c0a025a0f951d4813aac947697e03c	https://repo.maven.apache.org/maven2/org/glassfish/hk2/hk2-locator/3.0.6/hk2-locator-3.0.6-sources.jar
org.javassist:javassist:3.31.0-GA	44b6b900ca352f4a0048e9428efab16582a014e10f8f65b4e58f5136c704624e	a9f798b9dc3a716660a67592f49b4474fa4d9b9b17f468acbe9a8c1cdbc7d8eb	https://repo.maven.apache.org/maven2/org/javassist/javassist/3.31.0-GA/javassist-3.31.0-GA-sources.jar
io.dropwizard.metrics:metrics-jersey3:4.2.39	bcc78aa13b5e27fcef942098c1305667273fd361a96c3b7db8c204da52bfdc9f	ebe742c4e446edd4d53884760702de87258c1f29d680215d4083cbb796db0aa8	https://repo.maven.apache.org/maven2/io/dropwizard/metrics/metrics-jersey3/4.2.39/metrics-jersey3-4.2.39-sources.jar
org.glassfish.hk2:hk2-api:3.0.6	c049a21a9fd9316c7e291a2bc28835f70d25affb623dc1599a83b6b84ec83a4f	8c04fbc0d518f9cd25581dabdf56a0a1a835be8915f1af450a8904e961114395	https://repo.maven.apache.org/maven2/org/glassfish/hk2/hk2-api/3.0.6/hk2-api-3.0.6-sources.jar
org.glassfish.hk2:hk2-utils:3.0.6	fc84d85a0744b576d9ec7db5845eeb998ed532a9450dd19c8c922c3ee6926206	62450c58c5e77c326f4958a1a6ca2c683d82b9a730488cfb8b7195894147957b	https://repo.maven.apache.org/maven2/org/glassfish/hk2/hk2-utils/3.0.6/hk2-utils-3.0.6-sources.jar
org.glassfish.hk2.external:aopalliance-repackaged:3.0.6	a82b6d1a348324ef88dc807c7cd7aaf633985cbff7b30036fb61a1b86981d840	f8275c7b744e590ffb1030524612581f983b75bb2836725718b9b5d4e11b0048	https://repo.maven.apache.org/maven2/org/glassfish/hk2/external/aopalliance-repackaged/3.0.6/aopalliance-repackaged-3.0.6-sources.jar
org.glassfish.jersey.containers:jersey-container-servlet:3.1.11	dfb7bd433c1648ae0dd037b4d21093225333564ed01d751b5eb6e2a099dec160	734306cbe79cdbf50f840340c31be4b2049966dccb9a83dcce750bcc85b98855	https://repo.maven.apache.org/maven2/org/glassfish/jersey/containers/jersey-container-servlet/3.1.11/jersey-container-servlet-3.1.11-sources.jar
org.eclipse.jetty:jetty-io:12.1.9	904c1680e74705794c15f9df2a9ccfb155152bdd3067521fd6522df009bfa9d9	5dc1471946339c6be979102a7b545720bc8a3c7e2d10636481804f524a1bacab	https://repo.maven.apache.org/maven2/org/eclipse/jetty/jetty-io/12.1.9/jetty-io-12.1.9-sources.jar
io.dropwizard:dropwizard-servlets:5.0.2	60584b7dcb5189d24b1d440f7140b6647fb9cb4459697a91b36f4354947f28a2	945cec6aadc0ba75ed340dc4722e3955c7f4f8b11d4972ce1395bcafb060cccc	https://repo.maven.apache.org/maven2/io/dropwizard/dropwizard-servlets/5.0.2/dropwizard-servlets-5.0.2-sources.jar
io.dropwizard:dropwizard-jetty:5.0.2	1754effeaf3ca66cd5265fe6733c6565e0dd17c5c08c7eb1a8daf1d5276c1b5b	3325c8c1bfc0c2cbb2b44b60742921c011846588a0d613280ec5319810c27116	https://repo.maven.apache.org/maven2/io/dropwizard/dropwizard-jetty/5.0.2/dropwizard-jetty-5.0.2-sources.jar
org.eclipse.jetty:jetty-http:12.1.9	857eaf5e7823f9ee91099db5bedd179b7d3e93653ac288e27321544231014df0	d0fb3ab8418a7c130f7ca555396ee9a159a6504cc2f7adbd4ebb768f3e246a21	https://repo.maven.apache.org/maven2/org/eclipse/jetty/jetty-http/12.1.9/jetty-http-12.1.9-sources.jar
io.dropwizard:dropwizard-lifecycle:5.0.2	8204289b4c72b5988d2e07e935ed0832b511b882874571148f1612fe8dac76e0	40295e9bf15320ae86532eec2d99651321bb109cf99bb00358c0bfd2aba6ca8f	https://repo.maven.apache.org/maven2/io/dropwizard/dropwizard-lifecycle/5.0.2/dropwizard-lifecycle-5.0.2-sources.jar
io.dropwizard:dropwizard-health:5.0.2	328a585e7bda754d495c46e1cfb6b453922d726bfd0217deb05b055783d514e5	24fa65499e1b0bd0bafe0104f86b60aa18d23e1ab20ed0b4e53aa824ddc8e88c	https://repo.maven.apache.org/maven2/io/dropwizard/dropwizard-health/5.0.2/dropwizard-health-5.0.2-sources.jar
io.dropwizard.metrics:metrics-core:4.2.39	cc7b1352cd8077974b70b3e365c4f13aa93f5786ce1dea538be5451ed23600c9	03b2f12d1144ca069c07cf04b9ac354131d45d521fa61bbded18a9194078d752	https://repo.maven.apache.org/maven2/io/dropwizard/metrics/metrics-core/4.2.39/metrics-core-4.2.39-sources.jar
io.dropwizard.metrics:metrics-annotation:4.2.39	e0ca14960ba7dc198a84a41fae51067c5aa785a7ea32096db3f4b524d5fdac32	6cb94892b477b1cbc26b38304c6b44226603345861c93a0b0e2930cb50abf9de	https://repo.maven.apache.org/maven2/io/dropwizard/metrics/metrics-annotation/4.2.39/metrics-annotation-4.2.39-sources.jar
io.dropwizard.metrics:metrics-jetty12:4.2.39	411b3d1d61d4e5655757065535f7b16b71b412d184bdad9337b9bbf03af60acf	6ef41d131d4819ce98a7e7203325d9ef0f4324667d761244a112ce71b652a8e5	https://repo.maven.apache.org/maven2/io/dropwizard/metrics/metrics-jetty12/4.2.39/metrics-jetty12-4.2.39-sources.jar
io.dropwizard.metrics:metrics-jetty12-ee10:4.2.39	2f828a3f2a48f3f9e574be1f61e858c7122afaeae6ab8636482308bc334b6261	9be3040dfc4b636e10d687e0872c41b5ecb84dd92cba77b2fb5125f41415e77d	https://repo.maven.apache.org/maven2/io/dropwizard/metrics/metrics-jetty12-ee10/4.2.39/metrics-jetty12-ee10-4.2.39-sources.jar
io.dropwizard.metrics:metrics-jvm:4.2.39	00c03bf37d2eb5491e00fcac6842e6ce5ec6cfe069fea111d1f80a5b39e7145e	f38e6faa3d68f37f22e1a49210c9fc9ad4a1d3b6b92517fbc84fc8ef5f631ed5	https://repo.maven.apache.org/maven2/io/dropwizard/metrics/metrics-jvm/4.2.39/metrics-jvm-4.2.39-sources.jar
io.dropwizard.metrics:metrics-jmx:4.2.39	3fe986a9f7aa1fde0cb40f7710b3868c20459edb5cb8657aa5cb145374b42583	9cca9b40606a51f39bb07e0911b5a69903434628b3116eb994800056d8c28c51	https://repo.maven.apache.org/maven2/io/dropwizard/metrics/metrics-jmx/4.2.39/metrics-jmx-4.2.39-sources.jar
io.dropwizard.metrics:metrics-jakarta-servlets:4.2.39	fa17ed131c50beb8a0e3fb654b349d048519c7f8b2cd569e698031abf03d1828	95d801a92fb85ffa952d39770eb70a19371cc0239e6de01ce2a987e07918fe86	https://repo.maven.apache.org/maven2/io/dropwizard/metrics/metrics-jakarta-servlets/4.2.39/metrics-jakarta-servlets-4.2.39-sources.jar
io.dropwizard.metrics:metrics-json:4.2.39	8726b15affd61992a4ecd0ed1dc3936782781e7fa0fdc47be04d338f9341dd46	438fa95bdb4de679ea0205c47a75e4427a953bb6b58478ebfb8058418ef07ac2	https://repo.maven.apache.org/maven2/io/dropwizard/metrics/metrics-json/4.2.39/metrics-json-4.2.39-sources.jar
com.helger:profiler:1.1.1	79a637232e41584df31ba0db9cf22b970259174c2065ce13be78626171e01498	6b005f88026a803d74275d0d00c68064245372cadab61f636fa77ffc0959f650	https://repo.maven.apache.org/maven2/com/helger/profiler/1.1.1/profiler-1.1.1-sources.jar
io.dropwizard.metrics:metrics-healthchecks:4.2.39	a7750639e458aab8470947988480e78331c9d580ddbe5f0605089c88cc248858	04edb842dcc468159480a9941166c693c48ceba6cc04e8be1b884c399efc7e9b	https://repo.maven.apache.org/maven2/io/dropwizard/metrics/metrics-healthchecks/4.2.39/metrics-healthchecks-4.2.39-sources.jar
io.dropwizard:dropwizard-request-logging:5.0.2	c0e0dd378ab6c75e6db44d7bad4d40df6ee395fde74a76e552f11d46428a8d88	fc8ce2acfdd2e6e0b02a64e44f33bdace766145634ac1aee2863d181bb69befd	https://repo.maven.apache.org/maven2/io/dropwizard/dropwizard-request-logging/5.0.2/dropwizard-request-logging-5.0.2-sources.jar
ch.qos.logback.access:logback-access-common:2.0.12	10387da05103f64d9c606fb96ab54a1ebb68f1a4ee91fd54621cf941f13de676	70bdce99b554d73b9b0de3fd6a64c89b55200fde4a6994fae21c61794e123166	https://repo.maven.apache.org/maven2/ch/qos/logback/access/logback-access-common/2.0.12/logback-access-common-2.0.12-sources.jar
ch.qos.logback.access:logback-access-jetty12:2.0.12	c8b98ef01f46c4c4f93f4d22c64e31a98f75284070b43472410f1fd9a0f0f5bb	afa1459419e569be2a68a4e91372dbb05af28fd242e4c1f5d0efcd767cf9d84e	https://repo.maven.apache.org/maven2/ch/qos/logback/access/logback-access-jetty12/2.0.12/logback-access-jetty12-2.0.12-sources.jar
ch.qos.logback:logback-classic:1.5.33	6d9ab1406e884084105940fe71378b53d2fe3b4806d856945703a27216014c97	c1953de955f4c82630f13decd210cf89d590fa1c37756a028eedf429ce91e1d2	https://repo.maven.apache.org/maven2/ch/qos/logback/logback-classic/1.5.33/logback-classic-1.5.33-sources.jar
com.fasterxml.jackson.core:jackson-annotations:2.21	53ca085f4a150f703f49e1aabd935bd03b43e1ea3d55d135438292af22cef56b	71fe6323d91b16d5d1007fd1e1533fa06bb369abde74f68a42a68c0f8f061a8b	https://repo.maven.apache.org/maven2/com/fasterxml/jackson/core/jackson-annotations/2.21/jackson-annotations-2.21-sources.jar
com.fasterxml.jackson.core:jackson-databind:2.21.4	3888e9e69ab66fbacaacc9aea0e9ffbf15368288e4aca468b024dba11c09fbf9	23188e78e912c9866367bf038fb7f729e79f1c2724174ca66e0a00915de70e61	https://repo.maven.apache.org/maven2/com/fasterxml/jackson/core/jackson-databind/2.21.4/jackson-databind-2.21.4-sources.jar
org.jspecify:jspecify:1.0.0	1fad6e6be7557781e4d33729d49ae1cdc8fdda6fe477bb0cc68ce351eafdfbab	adf0898191d55937fb3192ba971826f4f294292c4a960740f3c27310e7b70296	https://repo.maven.apache.org/maven2/org/jspecify/jspecify/1.0.0/jspecify-1.0.0-sources.jar
jakarta.servlet:jakarta.servlet-api:6.0.0	c034eb1afb158987dbb53a5fea0cadf611c8dae8daadd59c44d9d5ab70129cef	3dc226f976152a4bf78a2b7ee0c67ba0e61029f1ba6f439767d7c5c7afaeef9d	https://repo.maven.apache.org/maven2/jakarta/servlet/jakarta.servlet-api/6.0.0/jakarta.servlet-api-6.0.0-sources.jar
jakarta.validation:jakarta.validation-api:3.0.2	291c25e6910cc6a7ebd96d4c6baebf6d7c37676c5482c2d96146e901b62c1fc9	77df917738f0f91718dfc5456d1f2b5aaa6326f3bf3bdf5606cf64f6c0512689	https://repo.maven.apache.org/maven2/jakarta/validation/jakarta.validation-api/3.0.2/jakarta.validation-api-3.0.2-sources.jar
jakarta.ws.rs:jakarta.ws.rs-api:3.1.0	6b3b3628b8b4aedda0d24c3354335e985497d8ef3c510b8f3028e920d5b8663d	9daf5a26dd3dce53049784a7d5258037f7b3da7df07eaa19a02efb785719052e	https://repo.maven.apache.org/maven2/jakarta/ws/rs/jakarta.ws.rs-api/3.1.0/jakarta.ws.rs-api-3.1.0-sources.jar
net.sourceforge.argparse4j:argparse4j:0.9.0	9eb3b54043038bc111bf0e15a8f69895244f92e3c2bc2800158578ca711f6117	db1ffc94cbf631bb2f977d3856ef9bf14957af15e77e945f5bb6dd2800d6a103	https://repo.maven.apache.org/maven2/net/sourceforge/argparse4j/argparse4j/0.9.0/argparse4j-0.9.0-sources.jar
org.eclipse.jetty:jetty-security:12.1.9	00dcd3f9258d7eb41fc1c1cbcbaa33a1a47710783e30ad512816f0c051423142	0a50c360002f05679b58bdf6a5532a665b44244e9077fda049867678423947fd	https://repo.maven.apache.org/maven2/org/eclipse/jetty/jetty-security/12.1.9/jetty-security-12.1.9-sources.jar
org.eclipse.jetty:jetty-server:12.1.9	5dfc3736056cd941a783b21e50c983c235c1b0a593d4b0d2954966173a3f6a3e	7e7cb424b4aafb7fd3dfadd26b861f21cf7ff7a9bc114d90959efebc11c24870	https://repo.maven.apache.org/maven2/org/eclipse/jetty/jetty-server/12.1.9/jetty-server-12.1.9-sources.jar
org.eclipse.jetty.ee10:jetty-ee10-servlet:12.1.9	7275d4bde7b0e790929bfba30efb2c13cf4eb3624bf03014f4d123366a1168e7	f0d39ce34f5f32d9fb50b47a2f5022e2ac2ba0055626252df355a6fc1ab51104	https://repo.maven.apache.org/maven2/org/eclipse/jetty/ee10/jetty-ee10-servlet/12.1.9/jetty-ee10-servlet-12.1.9-sources.jar
org.eclipse.jetty:jetty-session:12.1.9	121a9c2c9ba7274d751fe3e0d5408612c95b46df2ed20910cfecced5ae7b1659	0480336a1919fe4d8e043363804a261c02c86ab26691bd33d0cd9ea1949e790d	https://repo.maven.apache.org/maven2/org/eclipse/jetty/jetty-session/12.1.9/jetty-session-12.1.9-sources.jar
org.eclipse.jetty:jetty-util:12.1.9	bb228358d4ae45c004d949edc397de1eb8aabc7adc5f9b9cbc833336e70a23bd	288938c2f79e1eadb069661157ccdbc821f774a7bb4f97395b6a154f954846cf	https://repo.maven.apache.org/maven2/org/eclipse/jetty/jetty-util/12.1.9/jetty-util-12.1.9-sources.jar
org.eclipse.jetty.toolchain.setuid:jetty-setuid-jna:2.0.3	31ec2407665f55fd2eec7d938613ab8fc33cec44ea13e8f21fbe214cab25be99	6519de1ed5919b0bae967c55b8601634bf72afd284725650e81b9fe013715433	https://repo.maven.apache.org/maven2/org/eclipse/jetty/toolchain/setuid/jetty-setuid-jna/2.0.3/jetty-setuid-jna-2.0.3-sources.jar
net.java.dev.jna:jna-jpms:5.14.0	204912ead5e0891f53aab7be346b75758abbe38bd9fb2d320bfa21bbca6905b7	ebd774c761215676cda059fd68240628ef99f4aafa6d355ae00d184855aef134	https://repo.maven.apache.org/maven2/net/java/dev/jna/jna-jpms/5.14.0/jna-jpms-5.14.0-sources.jar
jakarta.inject:jakarta.inject-api:2.0.1	f7dc98062fccf14126abb751b64fab12c312566e8cbdc8483598bffcea93af7c	44f4c73fda69f8b7d87136f0f789f042f54e8ff506d40aa126199baf3752d1c9	https://repo.maven.apache.org/maven2/jakarta/inject/jakarta.inject-api/2.0.1/jakarta.inject-api-2.0.1-sources.jar
org.glassfish.jersey.core:jersey-common:3.1.11	ec516d7c2fdcfcd7eb7739eacf3cd6914e17a1595fd45826b33c8765965981b2	cd6b300cf6e14b200118ffc2e4af1d9767d2db5f8bee9963020200d97ccc2ad5	https://repo.maven.apache.org/maven2/org/glassfish/jersey/core/jersey-common/3.1.11/jersey-common-3.1.11-sources.jar
org.glassfish.hk2:osgi-resource-locator:1.0.3	aab5d7849f7cfcda2cc7c541ba1bd365151d42276f151c825387245dfde3dd74	603d0e07134189505c76a8c8d5d4451a91bf1327a05f1f5bcea09bad61bd507e	https://repo.maven.apache.org/maven2/org/glassfish/hk2/osgi-resource-locator/1.0.3/osgi-resource-locator-1.0.3-sources.jar
org.glassfish.jersey.ext:jersey-bean-validation:3.1.11	bd519833ef4363480559d05d23b429cd879e347b2b7b399741e1eb4431a6687c	52eebfd40d10112f7633d0c170e2c05a7f85291c432933b49394e750abab524b	https://repo.maven.apache.org/maven2/org/glassfish/jersey/ext/jersey-bean-validation/3.1.11/jersey-bean-validation-3.1.11-sources.jar
org.jboss.logging:jboss-logging:3.6.3.Final	7c12ee575508f81e22b1db9334b969d0ec54ef0fd1dcba24eeab1a44235fc366	e8a2b9aaac82b0082aa040e6bdf6cd7f225cdbc75d2bd1a79fa7b17007ec1b15	https://repo.maven.apache.org/maven2/org/jboss/logging/jboss-logging/3.6.3.Final/jboss-logging-3.6.3.Final-sources.jar
jakarta.el:jakarta.el-api:5.0.1	90432d18281717b363b819978c6a172433a2654b77eb87c863c22fc19c20eced	56bf4b921b7dad4b07ad66e583d07edb205d91350af3e18a6cc86bee9bfe3cdd	https://repo.maven.apache.org/maven2/jakarta/el/jakarta.el-api/5.0.1/jakarta.el-api-5.0.1-sources.jar
org.slf4j:slf4j-api:2.0.18	44508fd1576500688c790b190acdd16fec4f8c79a3e0b900afd70503cf055f55	192e007cf7f2be41d40574e44521fc0b7ce55e01f13dbe0fa8707c8ae3329075	https://repo.maven.apache.org/maven2/org/slf4j/slf4j-api/2.0.18/slf4j-api-2.0.18-sources.jar
com.google.protobuf:protobuf-java-util:4.32.1	65bd990b8a3d5625cee9910a4256d00eb780c3961eda5b422a0945ace09dcafd	91e92f090cc57abd22714bbe046f902c9f773324299e050c14000d0941f8b970	https://repo.maven.apache.org/maven2/com/google/protobuf/protobuf-java-util/4.32.1/protobuf-java-util-4.32.1-sources.jar
com.google.code.findbugs:jsr305:3.0.2	766ad2a0783f2687962c8ad74ceecc38a28b9f72a2d085ee438b7813e928d0c7	1c9e85e272d0708c6a591dc74828c71603053b48cc75ae83cce56912a2aa063b	https://repo.maven.apache.org/maven2/com/google/code/findbugs/jsr305/3.0.2/jsr305-3.0.2-sources.jar
com.google.code.gson:gson:2.8.9	d3999291855de495c94c743761b8ab5176cfeabe281a5ab0d8e8d45326fd703e	ba5bddb1a89eb721fcca39f3b34294532060f851e2407a82d82134a41eec4719	https://repo.maven.apache.org/maven2/com/google/code/gson/gson/2.8.9/gson-2.8.9-sources.jar
com.google.j2objc:j2objc-annotations:2.8	f02a95fa1a5e95edb3ed859fd0fb7df709d121a35290eff8b74dce2ab7f4d6ed	7413eed41f111453a08837f5ac680edded7faed466cbd35745e402e13f4cc3f5	https://repo.maven.apache.org/maven2/com/google/j2objc/j2objc-annotations/2.8/j2objc-annotations-2.8-sources.jar
io.dropwizard:dropwizard-auth:5.0.2	93df478907d03482cbe7688e0c6fcfc3b24ebebc7cba3972d54ad24468f084af	e14094cbf9df8370f162c1756b18d0a19e51cdb3ce7716afda308c883e5a64e9	https://repo.maven.apache.org/maven2/io/dropwizard/dropwizard-auth/5.0.2/dropwizard-auth-5.0.2-sources.jar
io.dropwizard.metrics:metrics-caffeine:4.2.39	8043d470ad6f026168c34d7235f4cc29e2089f1cb73ee6b52b7a2f7d54ea94b5	562f644ad44ef9cf37ebde9e93a765a40e5ed535aeb7b98aeb4c26c7878ee6f1	https://repo.maven.apache.org/maven2/io/dropwizard/metrics/metrics-caffeine/4.2.39/metrics-caffeine-4.2.39-sources.jar
com.github.ben-manes.caffeine:caffeine:3.2.4	9d9d2cfd681fd9272ded3d27c9930db12f89f732345975aa113ebc223bbf1224	5079e1b327d79e2fc8ae3f5927587e59c968603e63785fb33479acd8b732211d	https://repo.maven.apache.org/maven2/com/github/ben-manes/caffeine/caffeine/3.2.4/caffeine-3.2.4-sources.jar
jakarta.annotation:jakarta.annotation-api:2.1.1	5f65fdaf424eee2b55e1d882ba9bb376be93fb09b37b808be6e22e8851c909fe	4b8abc5d33e33ad0cc53588532dafece90135cc83629429534af1c0900747094	https://repo.maven.apache.org/maven2/jakarta/annotation/jakarta.annotation-api/2.1.1/jakarta.annotation-api-2.1.1-sources.jar
org.glassfish.jersey.core:jersey-server:3.1.11	7dde2adf6600f3e8f723e37a8c96c31838a682f8db854fdcfcf4f00695d6f903	c9347275992a154a70e468f2ecb6085f7422caab67a59b0d8aa98aa5cf37fdef	https://repo.maven.apache.org/maven2/org/glassfish/jersey/core/jersey-server/3.1.11/jersey-server-3.1.11-sources.jar
com.google.protobuf:protobuf-java:4.32.1	8c99e4d971338bafb0b0b1d1cea9b1bbb3dc9630eb9c25109e4c7c27bca832cb	360f28f005e0736655e86b603fb4e6e554f364bcc80502a89c3ff78d11e2c361	https://repo.maven.apache.org/maven2/com/google/protobuf/protobuf-java/4.32.1/protobuf-java-4.32.1-sources.jar
org.glassfish.jersey.core:jersey-client:3.1.11	9f0f532a6babb530f4c7d6fc4f452b996a97aa7c34248bf249eea8a2ce639758	69380e015a7bc457f08aac204d4cb5ece580ea8a41f43e8c0e09ea368ba35e06	https://repo.maven.apache.org/maven2/org/glassfish/jersey/core/jersey-client/3.1.11/jersey-client-3.1.11-sources.jar
com.fasterxml.jackson.jakarta.rs:jackson-jakarta-rs-json-provider:2.21.4	a8cd69b1dac55bdd0bad9d9803157b296243987b08d5ed7ccde3c81c07ce05cc	a3e806a3fbb4eb873d31d3597bded953e2d2a15163ec850b200356eb901a78d3	https://repo.maven.apache.org/maven2/com/fasterxml/jackson/jakarta/rs/jackson-jakarta-rs-json-provider/2.21.4/jackson-jakarta-rs-json-provider-2.21.4-sources.jar
com.fasterxml.jackson.jakarta.rs:jackson-jakarta-rs-base:2.21.4	ce62827a3381ef2db712503e242ab5a51a881613a9446948a3c25b2d7df326fe	0063703c158d6ca625136527a1f477c3775d3f857c7d6b4883fa84544d29ed3f	https://repo.maven.apache.org/maven2/com/fasterxml/jackson/jakarta/rs/jackson-jakarta-rs-base/2.21.4/jackson-jakarta-rs-base-2.21.4-sources.jar
com.fasterxml.jackson.module:jackson-module-jakarta-xmlbind-annotations:2.21.4	d5c5798fffa760ba6a84a7c9b65caf577f92b8d1c6bccb71d75e93e2ce59bf1d	e225085cf4f8a2e3949879979eb113fc609a7770bad2142fd60be3007b48edf3	https://repo.maven.apache.org/maven2/com/fasterxml/jackson/module/jackson-module-jakarta-xmlbind-annotations/2.21.4/jackson-module-jakarta-xmlbind-annotations-2.21.4-sources.jar
org.glassfish.jersey.containers:jersey-container-servlet-core:3.1.11	4c93b928d93037d7250ab1db9b9eb5e2bd12cf9e67cd48d25dcc835249d47e40	bb4050f8e3daec0a4fd0e7fc439f9b93e6f884dc2e776fe70c7513a4a46a25c3	https://repo.maven.apache.org/maven2/org/glassfish/jersey/containers/jersey-container-servlet-core/3.1.11/jersey-container-servlet-core-3.1.11-sources.jar
jakarta.activation:jakarta.activation-api:2.1.4	c9db52100ce6c8aac95cc39075f95720d2e561b11f8051b81c121ad4effd7004	2aa5a3ba55059b778a3b467269404d7ac3b9485ed4a23ad26d2e63aa769ec35f	https://repo.maven.apache.org/maven2/jakarta/activation/jakarta.activation-api/2.1.4/jakarta.activation-api-2.1.4-sources.jar
jakarta.xml.bind:jakarta.xml.bind-api:4.0.5	5e489b6c874c4119e003ff1403db523ee3a8959ec499f3de29e77245efccf216	5bcf811e6719582ab2be21c84bc48f963ba377dfe1dae5ecb2673c1efa00e422	https://repo.maven.apache.org/maven2/jakarta/xml/bind/jakarta.xml.bind-api/4.0.5/jakarta.xml.bind-api-4.0.5-sources.jar
